지점명,주소
선릉역점,서울특별시 강남구 선릉로 429 
대치역점,서울특별시 강남구 남부순환로 2936 
차병원사거리점,서울특별시 강남구 봉은사로 179 
강남도곡점,서울특별시 강남구 논현로 172 (도곡동 410-10) 1층 
청담점,서울특별시 강남구 선릉로 812 
수서점,서울특별시 강남구 광평로 280 
청담주성점,서울특별시 강남구 청담동 영동대로 716 
강남대로점,서울특별시 강남구 강남대로 406 
대치점,서울특별시 강남구 도곡로 447 
삼성중앙역점,서울특별시 강남구 봉은사로 502버거킹 삼성중앙역점
신논현역점,서울특별시 강남구 봉은사로 105 
천호역점,서울특별시 강동구 천호대로 1012 
명일DT점,서울특별시 강동구 고덕로 168 
길동사거리점,서울특별시 강동구 양재대로 1440 
둔촌GS FS점,서울특별시 강동구 양재대로 1323 
강동구청점,서울특별시 강동구 성내로 22 
수유역점,서울특별시 강북구 도봉로 314 삼성화재 수유사옥 1층 
미아역점,서울특별시 강북구 도봉로 188 
마곡점,서울특별시 강서구 마곡동로 56 
가양이마트점,서울특별시 강서구 양천로 559 
가양역점,서울특별시 강서구 양천로 476 
내발산점,서울특별시 강서구 강서로 308 
등촌역점,서울특별시 강서구 공항대로 549 
신림역점,서울특별시 관악구 신림로 318 
낙성대점,서울특별시 관악구 남부순환로 1934 
서울대입구역점,서울특별시 관악구 남부순환로 1796 
신림미림여고입구점,서울특별시 관악구 신림로 141 
건대역점,서울특별시 광진구 아차산로 272 
군자능동점,서울특별시 광진구 능동로 245 
구의점,서울특별시 광진구 아차산로 466 
건대입구역점,서울특별시 광진구 아차산로 229 1층 
구로디지털점,서울특별시 구로구 디지털로 288 
구로점,서울특별시 구로구 시흥대로 551 
구로구청점,서울특별시 구로구 가마산로 250 
개봉점,서울특별시 구로구 개봉로 55 
가산이앤씨7점,서울특별시 금천구 디지털로9길 46 
가산디지털점,서울특별시 금천구 가산디지털1로 168 
공릉역점,서울특별시 노원구 동일로 1085 
노원역점,서울특별시 노원구 노해로 456 
화랑대역점,서울특별시 노원구 노원로 3 
창동역점,서울특별시 도봉구 노해로 389 
쌍문점,서울특별시 도봉구 도당로 6 
쌍문SK점,서울특별시 도봉구 도봉로 437 
장안SK점,서울특별시 동대문구 한천로 100 
신설동역점,서울특별시 동대문구 보문로 6 
경희대점,서울특별시 동대문구 경희대로 1-1 
노량진점,서울특별시 동작구 노량진로 169 
사당역점,서울특별시 동작구 동작대로 21 
신대방삼거리역점,서울특별시 동작구 상도로 83 
상암MBC점,서울특별시 마포구 성암로 255 
공덕역점,서울특별시 마포구 마포대로 144 
서교동사거리점,서울특별시 마포구 양화로 100 
상암점,서울특별시 마포구 월드컵북로 344 
마포구청역점,서울특별시 마포구 월드컵로 155 
연세로점,서울특별시 서대문구 연세로 25 
홍제역점,서울특별시 서대문구 통일로 464 
가재울뉴타운점,서울특별시 서대문구 수색로 56 
연희점,서울특별시 서대문구 연희로 97 
신촌1점,서울특별시 서대문구 신촌로 121 
교대역점,서울특별시 서초구 서초대로 283 
반포고속터미널점,서울특별시 서초구 신반포로 194 
방배카페골목,서울특별시 서초구 방배중앙로 200 
양재점,서울특별시 서초구 강남대로 221 
강남NC점,서울특별시 서초구 잠원로 69 
방배점,서울특별시 서초구 방배로 127 (방배동 925-3) 
왕십리센트라스점,서울특별시 성동구 왕십리로 410 
석관점,서울특별시 성북구 돌곶이로 50 
안암오거리점,서울특별시 성북구 안암로 73 
종암점,서울특별시 성북구 종암로 123 
고대중앙광장점,서울특별시 성북구 안암로 145 
성신여대입구역점,서울특별시 성북구 동소문로 120 
석촌점,서울특별시 송파구 송파대로 448 
문정점,서울특별시 송파구 송이로 239 
몽촌토성점,서울특별시 송파구 백제고분로51길 30 
거여역점,서울특별시 송파구 오금로 519 
문정역점,서울특별시 송파구 법원로 8길 13 
종합운동장사거리점,서울특별시 송파구 올림픽로 76 
송파구청점,서울특별시 송파구 오금로 99 
위례신도시GS점,서울특별시 송파구 위례중앙로43 GS주유소 내 
목동역점,서울특별시 양천구 오목로 238 
신월점,서울특별시 양천구 화곡로 64 
목동이마트점,서울특별시 양천구 오목로 299 
목동현대점,서울특별시 양천구 목동동로 257 
신정네거리역점,서울특별시 양천구 중앙로 275 
염창역점,서울특별시 양천구 공항대로 630 
양평점,서울특별시 영등포구 선유로 130 
당산역점,서울특별시 영등포구 양평로 58 
영등포KT점,서울특별시 영등포구 영중로 119 
서여의도점,서울특별시 영등포구 국회대로70길 23 
신길점,서울특별시 영등포구 도신로 237 
서울역점,서울특별시 용산구 한강대로 405 
용산이마트점,서울특별시 용산구 한강대로23길 55 
국제점,서울특별시 용산구 한강대로 92 
연신내역점,서울특별시 은평구 통일로 834 
박석고개SK점,서울특별시 은평구 통일로 945 
녹번대성GS점,서울특별시 은평구 통일로 642 
종로점,서울특별시 종로구 종로 94 
종로구청점,서울특별시 종로구 삼봉로 57 
혜화역점,서울특별시 종로구 동숭길 148 
서대문역점,서울특별시 중구 순화동 215 1층 
충무로역점,서울특별시 중구 퇴계로 216 
약수역점,서울특별시 중구 다산로 142 
신당역점,서울특별시 중구 다산로 258 
동국대점,서울특별시 중구 필동로1길 30 
황학이마트점,서울특별시 중구 청계천로 400 
숭례문점,서울특별시 중구 세종대로 23 
시청역점,서울특별시 중구 서소문로 136 
회현역점,서울특별시 중구 퇴계로 52 티마크그랜드호텔 명동 1층 
먹골역점,서울특별시 중랑구 동일로 890 
망우점,서울특별시 중랑구 망우로 400 
면목역점,서울특별시 중랑구 겸재로 180 
부산금정오일뱅크점,부산광역시 금정구 중앙대로 1664 
부산대점,부산광역시 금정구 금정로 66 
부산정관DT점,부산광역시 기장군 정관읍 용수로 48 
부산대연GS점,부산광역시 남구 수영로 288 
부산용호분포SK점,부산광역시 남구 용호로 116 
부산안락DT점,부산광역시 동래구 충렬대로 311 
부산태화점,부산광역시 부산진구 서전로10번길 64 
부산양정점,부산광역시 부산진구 중앙대로 900 
부산서면일번가점,부산광역시 부산진구 서면로 48 
부산화명점,부산광역시 북구 화명대로 44 
부산서부터미널점,부산광역시 사상구 사상로 201 
부산주례점,부산광역시 사상구 가야대로 298 
부산괴정역점,부산광역시 사하구 사하로 200 
부산연산RFS점,부산광역시 연제구 중앙대로 1087 
부산망미SK점,부산광역시 연제구 과정로 120 부흥주유소 
부산센텀오일뱅크점,부산광역시 해운대구 해운대로 179 
해운대신도시1점,부산광역시 해운대구 좌동순환로 310 
해운대비치점,부산광역시 해운대구 구남로 27 
해운대우동점,부산광역시 해운대구 해운대로452번길 16 
부산센텀시티점,부산광역시 해운대구 센텀동로 25 
대구대명FS점,대구광역시 남구 대명로 89 
상인SK점,대구광역시 달서구 월배로 200 
대구성서이마트점,대구광역시 달서구 이곡동로 24 
대구죽전네거리DT,대구광역시 달서구 달구벌대로 1536 
대구월촌역FS점,대구광역시 달서구 월배로 320 
대구서재FS점,대구광역시 달성군 다사읍 서재로 66 
대구테크노폴리스점,대구광역시 달성군 현풍면 테크노중앙대로 243 
대구율하점,대구광역시 동구 안심로22길 10 
대구이시아폴리스점,대구광역시 동구 팔공로 49길 51 
반야월이마트,대구광역시 동구 안심로 389-2 
대구삼성창조캠퍼스점,대구광역시 북구 호암로 51 
대구산격DT점,대구광역시 북구 검단로 29 
대구칠곡3지구점,대구광역시 북구 팔거천동로 224 
상인SK점,대구광역시 달서구 월배로 200 
대구평리DT점,대구광역시 서구 국채보상로 298 
대구성서이마트점,대구광역시 달서구 이곡동로 24 
대구죽전네거리DT,대구광역시 달서구 달구벌대로 1536 
대구월촌역FS점,대구광역시 달서구 월배로 320 
대구만촌점,대구광역시 수성구 달구벌대로 2622 
대구지산점,대구광역시 수성구 지범로 159 
대구시지점,대구광역시 수성구 신매로19길 46 
삼성라이온즈파크점,대구광역시 수성구 야구전설로 1 
경대병원역SK점,대구광역시 중구 달구벌대로 2194 
대구중앙로점,대구광역시 중구 중앙대로 398 
인천작전점,인천광역시 계양구 계양대로 37 
인천계양구청점,인천광역시 계양구 장제로 804 
인천구월아시아드SK점,인천광역시 남동구 호구포로 725 
인천만수역점,인천광역시 남동구 구월로 376 
인천논현점,인천광역시 남동구 논고개로 61 
인천구월점,인천광역시 남동구 예술로 138 
인천서창SK점,인천광역시 남동구 서창동 728 
인천구월아시아드SK점,인천광역시 남동구 호구포로 725 
인천만수역점,인천광역시 남동구 구월로 376 
인천논현점,인천광역시 남동구 논고개로 61 
인천구월점,인천광역시 남동구 예술로 138 
인천서창SK점,인천광역시 남동구 서창동 728 
인하대역점,인천광역시 미추홀구 용현동 665-15 
인천주안점,인천광역시 미추홀구 주안로 86 
인천도화점,인천광역시 미추홀구 숙골로88번길 12 
삼산SK점,인천광역시 부평구 장제로 347 
부평시장역점,인천광역시 부평구 부평대로 90 
인천청라점,인천광역시 서구 중봉대로 610 
인천검단점,인천광역시 서구 검단로 470 
인천완정역점,인천광역시 서구 원당대로 651 
인천연수점,인천광역시 연수구 용담로 111 
인천송도DT점,인천광역시 연수구 송도과학로 13 
송도현대아울렛점,인천광역시 연수구 송도국제대로 123 
인천송도센트럴파크점,"인천광역시 연수구 센트럴로 194B동 1층 118호, 119호, 120호, 134호"
인천연수HP점,"인천광역시 연수구 청능대로 210, 지하1층(동춘동, 홈플러스연수점) "
영종하늘도시DT점,인천광역시 중구 자연대로 55 
인천공항교통센터1점,인천광역시 중구 공항로 271 
인천공항1점,인천광역시 중구 공항로 424번길 47 
호남대점,광주광역시 광산구 어등대로 418-1 
광주수완점,광주광역시 광산구 장신로 142 
광주수완DT점,광주광역시 광산구 임방울대로 499 
광주월계점,광주광역시 광산구 첨단중앙로 104 
광주하남점,광주광역시 광산구 풍영철길로 15 
광주주월에스오일점,광주광역시 남구 회재로 1190 
광주봉선점,광주광역시 남구 봉선로 180 
광주효천2지구점,광주광역시 남구 효우2로 34 
광주충장점,광주광역시 동구 충장로 101-4버거킹 광주충장점
광주일곡점,광주광역시 북구 설죽로 495 
전남대후문점,광주광역시 북구 우치로 76 
광주첨단2지구점,광주광역시 북구 첨단연신로91번길 10 
광주매곡점,광주광역시 북구 서하로 82 
광주상무점,광주광역시 서구 치평로 106 
광주터미널점,광주광역시 서구 무진대로 904 
대전터미널DT점,대전광역시 동구 동서대로 1664 
대전용문역점,대전광역시 서구 계룡로 630 
대전월평점,대전광역시 서구 월평북로 81 
대전도안점,대전광역시 서구 동서대로 682 
대전관저점,대전광역시 서구 구봉로 147번길 68-12 
대전시청점,대전광역시 서구 문예로 35 
대전둔산1점,대전광역시 서구 대덕대로 193 
대전반석DT점,대전광역시 유성구 북유성대로 288 
대전유성온천역점,대전광역시 유성구 대학로 8 
대전관평점,대전광역시 유성구 테크노4로 105 
대전노은역점,대전광역시 유성구 은구비남로33번길 61 
대전현대아울렛점,"대전광역시 유성구 테크노중앙로 123,지상3층3202-2호 "
대전용두DT점,대전광역시 중구 계룡로 853 
대전버드내마을오일뱅크점,대전광역시 중구 계백로 1520 
울산무거점,울산광역시 남구 대학로 157 
삼산현대점,울산광역시 남구 삼산로 261 
울산신정FS점,울산광역시 남구 봉월로 97 
울산옥동점,울산광역시 남구 문수로 326 
울산동구오일뱅크점,울산광역시 동구 방어진순환도로 1025 
울산북구청DT점,울산광역시 북구 안기번득길 23 
울산호계DT점,울산광역시 북구 산업로 1426 
울산우정SK점,울산광역시 중구 북부순환도로 323 
울산성남점,울산광역시 중구 만남의거리 15 
일산화정오일뱅크점,경기도 고양시 덕양구 화중로 38 
스타필드고양점,경기도 고양시 덕양구 고양대로 1955 
고양덕양FS점,경기도 고양시 덕양구 호국로 1821 
일산마두점,경기도 고양시 일산동구 장백로 194 
고양터미널점,경기도 고양시 일산동구 중앙로 1036 
일산호수공원,경기도 고양시 일산동구 중앙로1275번길 38-10 
일산산들SK점,경기도 고양시 일산서구 고양대로 717 
주엽역점,경기도 고양시 일산서구 중앙로 1443 
고양덕이DT점,경기도 고양시 일산서구 경의로 850 
과천중앙점,경기도 과천시 중앙로 129 
광명소하DT점,경기도 광명시 오리로 361 
광주경안점,경기도 광주시 경안로 10 
경기광주태전점,경기도 광주시 태봉로 145-2 
구리SK점,경기도 구리시 경춘로 196 
구리갈매점,경기도 구리시 산마루로 24 
산본점,경기도 군포시 산본로 382 
김포한강GS점,경기도 김포시 김포한강3로 400 
김포현대아울렛,경기도 김포시 고촌읍 아라육로 152번길 100 
김포구래점,경기도 김포시 구래동 6880-3 
김포풍무역점,경기도 김포시 유현로 234 
남양주화도DT점,경기도 남양주시 화도읍 경춘로 1718 
남양주진접FS점,경기도 남양주시 진접읍 해밀예당1로 13 
남양주별내오일뱅크점,경기도 남양주시 송산로 149 
남양주다산지금점,경기도 남양주시 다산지금로 132 
동두천DT점,경기도 동두천시 평화로2261번길 2 
부천원종점,경기도 부천시 오정구 소사로 713 
부천세이브존점,경기도 부천시 원미구 길주로 105 
부천중동점,경기도 부천시 신흥로 163 
부천북부역점,경기도 부천시 부천로 25 
부천옥길점,경기도 부천시 옥길로 118 
송내역점,경기도 부천시 부일로 203 상동스카이뷰자이상가 122~124호 
분당상록점,경기도 성남시 분당구 정자로 88 
판교유스페이스,경기도 성남시 분당구 대왕판교로 660 
분당야탑점,경기도 성남시 분당구 성남대로916번길 11 
분당차병원점,경기도 성남시 분당구 야탑로 64 
분당서현점,경기도 성남시 분당구 분당로53번길 19 
분당수내점,경기도 성남시 분당구 내정로 167 
성남이마트점,경기도 성남시 수정구 수정로 201 
성남신흥점,경기도 성남시 수정구 산성대로 305 
수원호매실SK점,경기도 수원시 권선구 호매실동 1374-1 
서수원이마트,경기도 수원시 권선구 수인로 291 
수원영통점,경기도 수원시 영통구 봉영로 1623 
광교아브뉴프랑점,경기도 수원시 영통구 센트럴타운로 85 
수원망포점,경기도 수원시 영통구 영통로 108 
아주대병원점,경기도 수원시 영통구 월드컵로 164 
수원매탄점,경기도 수원시 영통구 효원로 400 
송죽DT점,경기도 수원시 장안구 경수대로 992 
수원정자점,경기도 수원시 장안구 이목로 24-3 
수원인계DT점,경기도 수원시 팔달구 경수대로 501 
수원역사점,경기도 수원시 팔달구 덕영대로 924 
수원시청점,경기도 수원시 팔달구 권광로 163 
배곧아브뉴프랑점,경기도 시흥시 서울대학로 264번길 35 
시흥정왕점,경기도 시흥시 정왕동 1738-2 
시흥목감SK점,경기도 시흥시 동서로 996 
시흥은계점,경기도 시흥시 은계번영길 9 
안산제이DT점,경기도 안산시 단원구 선부광장로 33 
안산고잔점,경기도 안산시 단원구 광덕대로 154 
안산중앙역점,경기도 안산시 단원구 중앙대로 927 
상록수역점,경기도 안산시 상록구 용신로 394 
안성공도DT점,경기도 안성시 공도읍 서동대로 4294 
평촌학원가점,경기도 안양시 동안구 평촌대로 112 
평촌금성GS점,경기도 안양시 동안구 시민대로 325 
안양관양점,경기도 안양시 동안구 관악대로 312 
남양주화도DT점,경기도 남양주시 화도읍 경춘로 1718 
남양주진접FS점,경기도 남양주시 진접읍 해밀예당1로 13 
양주덕정FS점,경기도 양주시 독바위로 24 
양주고읍DT점,경기도 양주시 고덕로 363 
남양주별내오일뱅크점,경기도 남양주시 송산로 149 
남양주다산지금점,경기도 남양주시 다산지금로 132 
경기양평점,경기도 양평군 양평읍 양평시장길 18번길 1 
오산원동FS점,경기도 오산시 경기대로 238 
오산세교에스오일점,경기도 오산시 경기대로 692 
오산궐동점,경기도 오산시 궐동 궐리사로 61 
용인신갈점,경기도 용인시 기흥구 중부대로 375 
용인동백점,경기도 용인시 기흥구 동백5로 23 
죽전DT점,경기도 용인시 수지구 용구대로 2751 
수지GS점,경기도 용인시 수지구 신수로 781 
수지구청역점,경기도 용인시 수지구 풍덕천로 145 
의정부용현DT점,경기도 의정부시 시민로 462 
의정부민락점,경기도 의정부시 천보로 68 
의정부DT점,경기도 의정부시 호국로1336번길 1 
의정부신세계점,경기도 의정부시 평화로 525 
의정부HP점,경기도 의정부시 청사로 38 
의정부서부역점,경기도 의정부시 신흥로252 
지산리조트점,경기도 이천시 마장면 지산로 267 
이천CGV점,경기도 이천시 중리천로 58 
금촌역점,경기도 파주시 중앙로 328 
파주야당역점,경기도 파주시 소리천로8번길 36 
평택서정점,경기도 평택시 경기대로 1371 
평택청북점,경기도 평택시 청북읍 청북남로 260 
평택비전점,경기도 평택시 비전2로 195 
평택죽백DT점,경기도 평택시 만세로 1709 
평택고덕신도시GS점,경기도 평택시 고덕면 고덕국제2로 54 
포천축석휴게소FS점,경기도 포천시 소흘읍 호국로 66 
하남이마트점,경기도 하남시 덕풍서로 70 
하남미사점,경기도 하남시 미사강변대로 48 
화성시청점,경기도 화성시 남양읍 시청로 113 
화성능동FS점,경기도 화성시 동탄지성로 190 
동탄2신도시SK점,경기도 화성시 동탄순환대로 731 
동탄점,경기도 화성시 동탄반석로 156 
화성병점점,경기도 화성시 효행로 1032 
동탄호수공원레이크꼬모점,경기도 화성시 동탄대로 181 
화성봉담점,경기도 화성시 봉담읍 와우로 80 
송산그린시티점,경기도 화성시 수노을2로 7 
강릉교동SK점,강원도 강릉시 하슬라로 159 
속초DT점,강원도 속초시 동해대로 4059 
원주무실점,강원도 원주시 능라동길 61 
원주명륜오일뱅크점,강원도 원주시 남원로 505 
원주기업도시점,강원도 원주시 지정면 신지정로 211 
춘천온의점,강원도 춘천시 온의동 588-9 
춘천거두GS점,강원도 춘천시 동내면 춘천순환로 59 
오션월드점,강원도 홍천군 서면 한치골길 262 
대명비발디점,강원도 홍천군 서면 한치골길 262 
충북혁신도시점,충청북도 음성군 맹동면 대하2가길 11 
충북진천점,충청북도 진천군 진천읍 상산로 73 
충북대점,충청북도 청주시 서원구 1순환로 665-1 
청주산남점,충청북도 청주시 서원구 산남로 48 
청주율량점,충청북도 청주시 청원구 충청대로 176 
청주터미널점,충청북도 청주시 흥덕구 풍산로 15 
청주예술의전당오일뱅크점,충청북도 청주시 흥덕구 직지대로 677 
청주복대점,충청북도 청주시 흥덕구 대농로 47 
청주오송점,충청북도 청주시 흥덕구 오송읍 오송생명로 178 
충주연수점,충청북도 충주시 연수동산로 47 
당진읍내점,충청남도 당진시 당진중앙1로 95 
보령동대점,충청남도 보령시 한내로 16 
서산호수공원점,충청남도 서산시 호수공원6로 72 
천안쌍용대로DT점,충청남도 천안시 동남구 쌍용대로 94 
천안원성DT점,충청남도 천안시 동남구 충절로 170 
천안두정점,충청남도 천안시 서북구 두정로 156 
천안불당점,충청남도 천안시 서북구 불당25로 176 
천안성성점,충청남도 천안시 서북구 성성8로 2-11 
충남도청점,충청남도 홍성군 청사로174번길 2 
군산나운FS점,전라북도 군산시 대학로 362(나운동) 
군산조촌DT점,전라북도 군산시 번영로 143 
군산수송점,전라북도 군산시 월명로 262 
원광대점,전라북도 익산시 무왕로 893 
익산영등점,전라북도 익산시 무왕로 1068 
전북대점,전라북도 전주시 덕진구 권삼득로 295 
전주만성SK점,전라북도 전주시 덕진구 온고을로 441 
전주송천DT점,전라북도 전주시 덕진구 동부대로 1030 
전주인후DT점,전라북도 전주시 덕진구 안덕원로 307 
전북도청점,전라북도 전주시 완산구 효자로 194 
전주서신대광SK점,전라북도 전주시 완산구 서신로 56 
전주중앙점,전라북도 전주시 완산구 팔달로 225 
정읍중앙점,전라북도 정읍시 남북로 28 
광양중동점,전라남도 광양시 중마중앙로 65 
광양LF스퀘어점,전라남도 광양시 광양읍 순광로 466 LF스퀘어 
나주빛가람점,전라남도 나주시 전력로 2 
목포하당점,전라남도 목포시 비파로 50 
전남도청점,전라남도 무안군 삼향읍 남악3로 71 
순천법원점,전라남도 순천시 왕지로 8-1 
여수웅천점,전라남도 여수시 예울마루로 37-15 
경산하양오일뱅크점,경상북도 경산시 대경로 559 
대구대점,경상북도 경산시 대구대로 201 
경산진량DT점,경상북도 경산시 진량읍 다문로 53 
경산사동점,경상북도 경산시 백자로 55 
경주보문점,경상북도 경주시 엑스포로 80 
경주터미널FS점,경상북도 경주시 강변로 158-3 
경주용강DT점,경상북도 경주시 산업로 4494 
구미인의점,경상북도 구미시 인동중앙로 16 
구미시청FS점,경상북도 구미시 송정대로 40 
구미신평점, 경상북도 구미시 구미대로 409 
구미도량DT점,경상북도 구미시 야은로 320 
구미이마트점,경상북도 구미시 구미대로 256 
구미산동점,경상북도 구미시 산동읍 신당1로2길 7 
김천혁신도시점,경상북도 김천시 혁신3로 17 
김천교동DT점,경상북도 김천시 대학로 75(교동) 
경북상주점,경상북도 상주시 중앙로 186-2 
경북도청점,경상북도 안동시 검무로 4-8 
안동중앙점,경상북도 안동시 문화광장길 40-6 
안동옥동점,경상북도 안동시 경북대로 381 
경북영주가흥점,경상북도 영주시 대동로 24 
포항버스터미널점,경상북도 포항시 남구 중흥로 96 
포항철강단지SK점,경상북도 포항시 남구 대송로 290 
포항공대점,경상북도 포항시 남구 청암로 77 
포항법원앞DT점,경상북도 포항시 북구 신덕로 257 
한동대점,경상북도 포항시 북구 흥해읍 한동로 558 
거제옥포점,경상남도 거제시 옥포로 161 
거제수월점,경상남도 거제시 수양로 471 
거제고현점,경상남도 거제시 서문로5길 6 
김해아이스퀘어몰점,경상남도 김해시 김해대로 2352 
김해장유DT점,경상남도 김해시 반룡로 70 
김해내외점,경상남도 김해시 분성로 153 
인제대점,경상남도 김해시 인제로 197 인제대학교 
동김해DT점,경상남도 김해시 김해대로 2499 
김해삼계점,경상남도 김해시 가야로 178 
경남사천점,경상남도 사천시 사천읍 옥산로 30 
경남삼천포점,경상남도 사천시 주공로 41 
양산석산SK점,경상남도 양산시 동면 양산대로 414 
양산웅상DT점,경상남도 양산시 웅상대로 1204 
양산물금DT점,경상남도 양산시 물금읍 물금리 867-3 
진주혁신도시점,경상남도 진주시 사들로 97 
진주경상대점,경상남도 진주시 진주대로 540 
진주평거점,경상남도 진주시 진양호로 221 
경남대점,경상남도 창원시 마산합포구 해안대로 6 
마산내서삼계SK점,경상남도 창원시 마산회원구 내서읍 경남대로 941 
마산합성점,경상남도 창원시 마산회원구 3.15대로 757 
마산회원FS점,경상남도 창원시 마산회원구 315대로 522 
창원상남FS점,경상남도 창원시 성산구 마디미로3번길 18 
창원광장점,경상남도 창원시 성산구 용지로133번길 3 
진해충무DT점,경상남도 창원시 진해구 충장로 103 (여좌동 761-41) 
제주이마트점,제주특별자치도 제주시 1100로 3348 
